{
  "base_rate": 0.15905044510385757,
  "calibration": {
    "method": "isotonic",
    "params": {
      "knots_x": [
        0.09247800707817078,
        0.10907641053199768,
        0.11023575067520142,
        0.14638282358646393,
        0.14640408754348755,
        0.2080753594636917,
        0.2080877721309662,
        0.21164453029632568,
        0.21169333159923553,
        0.2877618074417114,
        0.2879275381565094,
        0.2968378961086273,
        0.29692983627319336,
        0.3025536835193634,
        0.3027493357658386,
        0.36697816848754883,
        0.36699533462524414,
        0.3843643069267273,
        0.38450539112091064,
        0.4456397593021393,
        0.44567689299583435,
        0.45460933446884155,
        0.4546666145324707,
        0.45592886209487915,
        0.4559338688850403,
        0.4714714288711548,
        0.47147831320762634,
        0.48104727268218994,
        0.48106613755226135,
        0.48809099197387695,
        0.4881404638290405,
        0.5482825040817261,
        0.5483723282814026,
        0.5497106909751892,
        0.5497938990592957,
        0.5506612062454224,
        0.550727128982544,
        0.5945621132850647,
        0.5945698022842407,
        0.6094265580177307,
        0.6097027063369751,
        0.6364241242408752,
        0.6364388465881348,
        0.6636906862258911,
        0.6637645959854126,
        0.6667749881744385,
        0.6668521761894226,
        0.6764624714851379,
        0.6764896512031555,
        0.6805404424667358,
        0.6805911660194397,
        0.7028013467788696,
        0.7028079032897949,
        0.7030834555625916,
        0.7031272649765015,
        0.7921921014785767,
        0.7929363250732422,
        0.8220406770706177
      ],
      "knots_y": [
        0.0,
        0.0,
        0.007194244604316547,
        0.007194244604316547,
        0.038461538461538464,
        0.038461538461538464,
        0.04081632653061224,
        0.04081632653061224,
        0.05188199389623601,
        0.05188199389623601,
        0.05660377358490566,
        0.05660377358490566,
        0.08196721311475409,
        0.08196721311475409,
        0.0885558583106267,
        0.0885558583106267,
        0.09375,
        0.09375,
        0.09956709956709957,
        0.09956709956709957,
        0.10526315789473684,
        0.10526315789473684,
        0.1111111111111111,
        0.1111111111111111,
        0.13761467889908255,
        0.13761467889908255,
        0.1414141414141414,
        0.1414141414141414,
        0.1506849315068493,
        0.1506849315068493,
        0.15442278860569716,
        0.15442278860569716,
        0.15789473684210525,
        0.15789473684210525,
        0.18181818181818182,
        0.18181818181818182,
        0.1967799642218247,
        0.1967799642218247,
        0.22162162162162163,
        0.22162162162162163,
        0.23056300268096513,
        0.23056300268096513,
        0.23696682464454977,
        0.23696682464454977,
        0.2553191489361702,
        0.2553191489361702,
        0.2671232876712329,
        0.2671232876712329,
        0.2777777777777778,
        0.2777777777777778,
        0.27946127946127947,
        0.27946127946127947,
        0.3333333333333333,
        0.3333333333333333,
        0.36254980079681276,
        0.36254980079681276,
        0.5,
        0.5
      ]
    }
  },
  "data_source": "synthetic",
  "feature_names": [
    "loan_amnt",
    "int_rate",
    "annual_inc",
    "dti",
    "fico_range_low",
    "fico_range_high",
    "revol_util",
    "open_acc",
    "pub_rec",
    "installment",
    "emp_length",
    "term_36 months",
    "term_60 months",
    "grade_A",
    "grade_B",
    "grade_C",
    "grade_D",
    "grade_E",
    "grade_F",
    "grade_G",
    "home_ownership_MORTGAGE",
    "home_ownership_OWN",
    "home_ownership_RENT",
    "verification_status_Not Verified",
    "verification_status_Source Verified",
    "verification_status_Verified",
    "sub_grade_te",
    "purpose_te",
    "addr_state_te"
  ],
  "model_auc": 0.7096406379977058,
  "reason_coefficients": {
    "addr_state_te": -0.13986613972362794,
    "annual_inc": 0.025727603781799547,
    "dti": 0.27685828528963013,
    "emp_length": -0.024271943753916492,
    "fico_range_high": -0.11088182172984413,
    "fico_range_low": -0.11088182172984413,
    "grade_A": -0.2314719288940664,
    "grade_B": -0.22271553964231047,
    "grade_C": -0.11051533925916075,
    "grade_D": -0.10587596064302246,
    "grade_E": -0.09267495943781848,
    "grade_F": -0.05150573145863235,
    "grade_G": -0.009211325747916041,
    "home_ownership_MORTGAGE": -0.24995287835221264,
    "home_ownership_OWN": -0.3180977502792214,
    "home_ownership_RENT": -0.25592015645149446,
    "installment": 0.2171195587184659,
    "int_rate": 0.5016285898864157,
    "loan_amnt": -0.21291739739940752,
    "open_acc": 0.031715910921691,
    "pub_rec": 0.007963077031735547,
    "purpose_te": -0.1407990583621074,
    "revol_util": 0.004136498690249933,
    "sub_grade_te": -0.12314546073393699,
    "term_36 months": -0.4687590034236617,
    "term_60 months": -0.3552117816593467,
    "verification_status_Not Verified": -0.3094924560926634,
    "verification_status_Source Verified": -0.2884697866664915,
    "verification_status_Verified": -0.2260085423237732
  }
}